{"options":{"check_for_updates":true,"comment":null,"compat_foreach":false,"compat_metadata":false,"compat_prototypes":false,"compat_wrappedjsobject":false,"compatopts_for_requires":true,"noframes":null,"override":{"merge_connects":true,"merge_excludes":true,"merge_includes":true,"merge_matches":true,"orig_excludes":[],"orig_includes":[],"orig_matches":["*://www.bilibili.com/video/av*"],"orig_noframes":null,"orig_run_at":"document-idle","use_blockers":[],"use_connects":[],"use_excludes":[],"use_includes":[],"use_matches":[]},"run_at":null,"tab_types":null,"compat_powerful_this":null},"settings":{"enabled":true,"position":13},"meta":{"name":"bilibili视频下载","uuid":"7e8c8b8a-3185-4d69-a43f-06ade2c9075f","modified":1627144422609,"file_url":"https://greasyfork.org/scripts/383262-bilibili%E8%A7%86%E9%A2%91%E4%B8%8B%E8%BD%BD/code/bilibili%E8%A7%86%E9%A2%91%E4%B8%8B%E8%BD%BD.user.js"}}