{"options":{"check_for_updates":true,"comment":null,"compat_foreach":false,"compat_metadata":false,"compat_prototypes":false,"compat_wrappedjsobject":false,"compatopts_for_requires":true,"noframes":null,"override":{"merge_connects":true,"merge_excludes":true,"merge_includes":true,"merge_matches":true,"orig_excludes":["*://weibo.com/a/bind/*","*://account.weibo.com/*","*://kefu.weibo.com/*","*://photo.weibo.com/*","*://security.weibo.com/*","*://verified.weibo.com/*","*://vip.weibo.com/*","*://open.weibo.com/*","*://passport.weibo.com/*"],"orig_includes":["*://weibo.com/*","*://*.weibo.com/*","*://t.cn/*"],"orig_matches":["*://*.weibo.com/*","*://t.cn/*"],"orig_noframes":true,"orig_run_at":"document-start","use_blockers":[],"use_connects":[],"use_excludes":[],"use_includes":[],"use_matches":[]},"run_at":null,"tab_types":null,"compat_powerful_this":null},"settings":{"enabled":false,"position":2},"meta":{"name":"Yet Another Weibo Filter","uuid":"88160c7e-7284-4077-94f9-7cfbf926afc1","modified":1627144422579,"file_url":"https://greasyfork.org/scripts/3249-yet-another-weibo-filter/code/Yet%20Another%20Weibo%20Filter.user.js"}}