{"ts":1638255283507,"data":{"local::globalConfig":"s{\"short_url_wo_confirm\":false}","local::user3655689037Config":"s{\"script_update_whatsnew.last\":90,\"filter_follow_check\":false,\"filter_follow_check.frequency\":259200000,\"uncheck_follow_presenter\":true,\"show_article_without_follow\":true,\"filter_homepage_newest_feeds\":false,\"filter_homepage_single_group\":false,\"filter_homepage_multi_group\":false,\"filter_homepage_auto_load\":false,\"filter_homepage_desktop_notify\":false,\"filter_profile_show_all\":false,\"filter_manually_hide\":false,\"pause_filter\":false,\"filter_original_discover\":false,\"filter_original_follower\":false,\"filter_my_feed\":true,\"filter_my_original\":false,\"filter_mention_me\":false,\"filter_ad_feed\":false,\"filter_fans_top\":false,\"filter_weibo_product\":false,\"filter_tb_tm_feed\":false,\"filter_weibo_pay\":false,\"filter_user_like\":false,\"filter_fake_weibo\":false,\"filter_deleted_forward\":false,\"filter_comment_and_forward\":false,\"filter_vote\":false,\"filter_red_pack\":false,\"filter_image_tag\":false,\"filter_koi_forward\":false,\"filter_app_item\":false,\"filter_wenda\":false,\"filter_wenwo_dr\":false,\"filter_yizhibo\":false,\"filter_paid\":false,\"filter_multiple_topics_feed\":false,\"filter_fast_forward\":false,\"filter_Place\":false,\"filter_Movie\":false,\"filter_Book\":false,\"filter_Topic\":false,\"filter_Music\":false,\"filter_Stock\":false,\"flooding_author\":false,\"flooding_forward\":false,\"comment_layout_by_time\":false,\"comment_layout_hide_sub\":false,\"filter_comment_show_my\":false,\"filter_comment_face_count\":false,\"filter_comment_face_type\":false,\"filter_comment_wo_content\":false,\"filter_comment_with_forward\":false,\"clean_icons_level\":false,\"clean_icons_member\":false,\"clean_icons_approve\":false,\"clean_icons_approve_co\":false,\"clean_icons_approve_dead\":false,\"clean_icons_bigfun\":false,\"clean_icons_club\":false,\"clean_icons_v_girl\":false,\"clean_icons_supervisor\":false,\"clean_icons_taobao\":false,\"clean_icons_cheng\":false,\"clean_icons_gongyi\":false,\"clean_icons_zongyika\":false,\"clean_icons_others\":false,\"clean_follow_single\":false,\"clean_follow_at_me\":false,\"clean_follow_discover\":false,\"clean_follow_fast_forward\":false,\"clean_follow_video\":false,\"clean_follow_recommend\":false,\"clean_nav_logo_img\":false,\"clean_nav_main\":false,\"clean_nav_tv\":false,\"clean_nav_hot\":false,\"clean_nav_game\":false,\"clean_nav_hot_search\":false,\"clean_nav_notice_new\":false,\"clean_nav_new\":false,\"clean_left_level\":false,\"clean_left_home\":false,\"clean_left_fav\":false,\"clean_left_like\":false,\"clean_left_hot\":false,\"clean_left_tv\":false,\"clean_left_new_feed\":false,\"clean_left_friends\":false,\"clean_left_group_to_me\":false,\"clean_left_special\":false,\"clean_left_whisper\":false,\"clean_left_v_plus\":false,\"clean_left_new\":false,\"clean_left_news\":false,\"clean_left_count\":false,\"clean_middle_recommended_topic\":false,\"clean_middle_feed_recommend\":false,\"clean_middle_member_tip\":false,\"clean_right_info\":false,\"clean_right_ranks\":false,\"clean_right_hot_topic\":false,\"clean_right_interest\":false,\"clean_right_member\":false,\"clean_right_groups\":false,\"clean_right_recom_group_user\":false,\"clean_right_hongbao_rank\":false,\"clean_right_att_feed\":false,\"clean_right_notice\":false,\"clean_feed_recommend\":false,\"clean_feed_feed_outer_tip\":false,\"clean_feed_feed_tip\":false,\"clean_feed_group_tip\":false,\"clean_feed_vip_background\":false,\"clean_feed_last_pic\":false,\"clean_feed_pic_tag\":false,\"clean_feed_son_title\":false,\"clean_feed_card\":false,\"clean_feed_article_pay\":false,\"clean_feed_tag\":false,\"clean_feed_related_link\":false,\"clean_feed_source\":false,\"clean_feed_pop\":false,\"clean_feed_like\":false,\"clean_feed_like_comment\":false,\"clean_feed_like_attitude\":false,\"clean_feed_forward\":false,\"clean_feed_favorite\":false,\"clean_feed_promote_other\":false,\"clean_feed_report\":false,\"clean_feed_use_card_background\":false,\"clean_profile_move_things\":false,\"clean_profile_cover\":false,\"clean_profile_bg_img\":false,\"clean_profile_badge_icon\":false,\"clean_profile_verify\":false,\"clean_profile_edit_person_info\":false,\"clean_profile_stats\":false,\"clean_profile_my_data\":false,\"clean_profile_suggest_user\":false,\"clean_profile_group\":false,\"clean_profile_relation\":false,\"clean_profile_album\":false,\"clean_profile_hot_topic\":false,\"clean_profile_hot_weibo\":false,\"clean_profile_recommend_feed\":false,\"clean_profile_user_list\":false,\"clean_profile_hongbao\":false,\"clean_profile_wenwo_dr\":false,\"clean_profile_timeline\":false,\"clean_message_help\":false,\"clean_message_feedback\":false,\"clean_other_ads\":false,\"clean_other_music\":false,\"clean_other_template\":false,\"clean_other_home_tip\":false,\"clean_other_footer\":false,\"clean_other_im\":false,\"clean_other_im_news\":false,\"clean_other_back_top\":false,\"clean_other_tip\":false,\"clean_other_related_feeds\":false,\"clean_other_related_video\":false,\"clean_other_related_article\":false,\"clean_other_send_weibo\":false,\"layout_nav_auto_hide\":false,\"layout_nav_classical\":false,\"layout_nav_hide_name\":false,\"layout_left_messages\":false,\"layout_side_merge\":false,\"layout_side_position\":false,\"layout_side_show_all_groups\":false,\"layout_left_move\":true,\"layout_right_move\":true,\"layout_other_move\":true,\"chat_page_disable_unload_prompt\":false,\"font_family\":false,\"layout_avatar_shape\":false,\"layout_fast_face\":false,\"layout_locale_timezone\":false,\"feed_absolute_time\":false,\"hide_hot_topic_large_read\":false,\"layout_theme_apply\":false,\"layout_nav_dark\":false,\"layout_theme_color\":false,\"custom_css\":true,\"custom_css.css\":\"\",\"feed_no_space\":false,\"feed_source_at_bottom\":false,\"feed_author_content_nowrap\":false,\"feed_small_image\":false,\"feed_increase_width\":false,\"feed_button_order\":false,\"feed_button_order_comment\":false,\"feed_font_size\":false,\"feed_long_expand\":false,\"feed_content_line_break\":false,\"feed_link_use_url\":false,\"feed_unicode_emoji\":false,\"show_vote_result\":false,\"feed_no_custom_source\":false,\"view_edit_info\":false,\"view_article_inline\":false,\"link_with_face\":false,\"feed_view_original\":false,\"feed_view_original.open\":\"page\",\"feed_download_image\":false,\"feed_download_image.name\":\"index\",\"image_preview_all\":false,\"feed_no_animated_image\":false,\"feed_built_in_video_player\":false,\"feed_disable_tag_dialog\":false,\"feed_low_reading_warn\":false,\"feed_only_mode\":false,\"script_import_export\":false,\"script_update_whatsnew\":true,\"hide_hot_topic_large_read.quota\":20,\"link_with_face.clean\":false,\"link_with_face.link\":false,\"feed_built_in_video_player.volume\":100,\"feed_built_in_video_player.memorize\":false,\"feed_built_in_video_player.quality\":\"auto\",\"script_enable_debug\":false,\"script_debug_regex\":false,\"feed_long_expand.count\":200,\"feed_long_expand.br\":30,\"script_update_whatsnew.lastWeibo\":6,\"filter_weibo_product_like\":false,\"clean_feed_fast_repost\":false,\"layout_nav_hide_avatar\":false,\"layout_left_liked.like\":false,\"layout_left_liked\":false,\"feed_render\":true,\"feed_link_new_tab.author\":true,\"feed_link_new_tab.mention\":true,\"feed_link_new_tab.topic\":true,\"feed_link_new_tab.picture\":true,\"feed_link_new_tab.detail\":true,\"feed_link_new_tab.comments\":true,\"feed_link_new_tab.card\":true,\"feed_link_new_tab\":false,\"filter_content_text_show.items\":[],\"filter_content_regex_show.items\":[],\"filter_author_id_show.items\":[],\"filter_original_id_show.items\":[],\"filter_mention_name_show.items\":[],\"filter_topic_text_show.items\":[],\"filter_source_text_show.items\":[],\"filter_content_text_hide.items\":[],\"filter_content_regex_hide.items\":[],\"filter_original_id_hide.items\":[],\"filter_mention_name_hide.items\":[],\"filter_topic_text_hide.items\":[],\"filter_source_text_hide.items\":[],\"filter_content_text_fold.items\":[],\"filter_content_regex_fold.items\":[],\"filter_original_id_fold.items\":[],\"filter_mention_name_fold.items\":[],\"filter_topic_text_fold.items\":[],\"filter_source_text_fold.items\":[],\"filter_author_forward_id_show.items\":[],\"filter_author_forward_id_hide.items\":[],\"filter_author_forward_id_fold.items\":[]}","local::user3655689037Follow":"s{\"fetchData\":{\"weiboVersion\":6},\"lastList\":null,\"lastChange\":null}","local::user3655689037Hide":"s{\"hideList\":[]}","sync::globalConfig":"s{}","sync::user3655689037Config":"s{\"script_update_whatsnew.last\":67,\"filter_follow_check\":false,\"filter_follow_check.frequency\":259200000,\"uncheck_follow_presenter\":true,\"show_article_without_follow\":true,\"filter_homepage_newest_feeds\":false,\"filter_homepage_single_group\":false,\"filter_homepage_multi_group\":false,\"filter_homepage_auto_load\":false,\"filter_homepage_desktop_notify\":false,\"filter_profile_show_all\":false,\"filter_manually_hide\":false,\"pause_filter\":false,\"filter_original_discover\":false,\"filter_original_follower\":false,\"filter_my_feed\":true,\"filter_my_original\":false,\"filter_mention_me\":false,\"filter_ad_feed\":false,\"filter_fans_top\":false,\"filter_weibo_product\":false,\"filter_tb_tm_feed\":false,\"filter_weibo_pay\":false,\"filter_user_like\":false,\"filter_fake_weibo\":false,\"filter_deleted_forward\":false,\"filter_comment_and_forward\":false,\"filter_vote\":false,\"filter_red_pack\":false,\"filter_image_tag\":false,\"filter_koi_forward\":false,\"filter_app_item\":false,\"filter_wenda\":false,\"filter_wenwo_dr\":false,\"filter_yizhibo\":false,\"filter_paid\":false,\"filter_multiple_topics_feed\":false,\"filter_fast_forward\":false,\"filter_Place\":false,\"filter_Movie\":false,\"filter_Book\":false,\"filter_Topic\":false,\"filter_Music\":false,\"filter_Stock\":false,\"flooding_author\":false,\"flooding_forward\":false,\"comment_layout_by_time\":false,\"comment_layout_hide_sub\":false,\"filter_comment_show_my\":false,\"filter_comment_face_count\":false,\"filter_comment_face_type\":false,\"filter_comment_wo_content\":false,\"filter_comment_with_forward\":false,\"clean_icons_level\":false,\"clean_icons_member\":false,\"clean_icons_approve\":false,\"clean_icons_approve_co\":false,\"clean_icons_approve_dead\":false,\"clean_icons_bigfun\":false,\"clean_icons_club\":false,\"clean_icons_v_girl\":false,\"clean_icons_supervisor\":false,\"clean_icons_taobao\":false,\"clean_icons_cheng\":false,\"clean_icons_gongyi\":false,\"clean_icons_zongyika\":false,\"clean_icons_others\":false,\"clean_follow_single\":false,\"clean_follow_at_me\":false,\"clean_follow_discover\":false,\"clean_follow_fast_forward\":false,\"clean_follow_video\":false,\"clean_follow_recommend\":false,\"clean_nav_logo_img\":false,\"clean_nav_main\":false,\"clean_nav_tv\":false,\"clean_nav_hot\":false,\"clean_nav_game\":false,\"clean_nav_hot_search\":false,\"clean_nav_notice_new\":false,\"clean_nav_new\":false,\"clean_left_level\":false,\"clean_left_home\":false,\"clean_left_fav\":false,\"clean_left_like\":false,\"clean_left_hot\":false,\"clean_left_tv\":false,\"clean_left_new_feed\":false,\"clean_left_friends\":false,\"clean_left_group_to_me\":false,\"clean_left_special\":false,\"clean_left_whisper\":false,\"clean_left_v_plus\":false,\"clean_left_new\":false,\"clean_left_news\":false,\"clean_left_count\":false,\"clean_middle_recommended_topic\":false,\"clean_middle_feed_recommend\":false,\"clean_middle_member_tip\":false,\"clean_right_info\":false,\"clean_right_ranks\":false,\"clean_right_hot_topic\":false,\"clean_right_interest\":false,\"clean_right_member\":false,\"clean_right_groups\":false,\"clean_right_recom_group_user\":false,\"clean_right_hongbao_rank\":false,\"clean_right_att_feed\":false,\"clean_right_notice\":false,\"clean_feed_recommend\":false,\"clean_feed_feed_outer_tip\":false,\"clean_feed_feed_tip\":false,\"clean_feed_group_tip\":false,\"clean_feed_vip_background\":false,\"clean_feed_last_pic\":false,\"clean_feed_pic_tag\":false,\"clean_feed_son_title\":false,\"clean_feed_card\":false,\"clean_feed_article_pay\":false,\"clean_feed_tag\":false,\"clean_feed_related_link\":false,\"clean_feed_source\":false,\"clean_feed_pop\":false,\"clean_feed_like\":false,\"clean_feed_like_comment\":false,\"clean_feed_like_attitude\":false,\"clean_feed_forward\":false,\"clean_feed_favorite\":false,\"clean_feed_promote_other\":false,\"clean_feed_report\":false,\"clean_feed_use_card_background\":false,\"clean_profile_move_things\":false,\"clean_profile_cover\":false,\"clean_profile_bg_img\":false,\"clean_profile_badge_icon\":false,\"clean_profile_verify\":false,\"clean_profile_edit_person_info\":false,\"clean_profile_stats\":false,\"clean_profile_my_data\":false,\"clean_profile_suggest_user\":false,\"clean_profile_group\":false,\"clean_profile_relation\":false,\"clean_profile_album\":false,\"clean_profile_hot_topic\":false,\"clean_profile_hot_weibo\":false,\"clean_profile_recommend_feed\":false,\"clean_profile_user_list\":false,\"clean_profile_hongbao\":false,\"clean_profile_wenwo_dr\":false,\"clean_profile_timeline\":false,\"clean_message_help\":false,\"clean_message_feedback\":false,\"clean_other_ads\":false,\"clean_other_music\":false,\"clean_other_template\":false,\"clean_other_home_tip\":false,\"clean_other_footer\":false,\"clean_other_im\":false,\"clean_other_im_news\":false,\"clean_other_back_top\":false,\"clean_other_tip\":false,\"clean_other_related_feeds\":false,\"clean_other_related_video\":false,\"clean_other_related_article\":false,\"clean_other_send_weibo\":false,\"layout_nav_auto_hide\":false,\"layout_nav_classical\":false,\"layout_nav_hide_name\":false,\"layout_left_messages\":false,\"layout_side_merge\":false,\"layout_side_position\":false,\"layout_side_show_all_groups\":false,\"layout_left_move\":true,\"layout_right_move\":true,\"layout_other_move\":true,\"chat_page_disable_unload_prompt\":false,\"font_family\":false,\"layout_avatar_shape\":false,\"layout_fast_face\":false,\"layout_locale_timezone\":false,\"feed_absolute_time\":false,\"hide_hot_topic_large_read\":false,\"layout_theme_apply\":false,\"layout_nav_dark\":false,\"layout_theme_color\":false,\"custom_css\":true,\"custom_css.css\":\"\",\"feed_no_space\":false,\"feed_source_at_bottom\":false,\"feed_author_content_nowrap\":false,\"feed_small_image\":false,\"feed_increase_width\":false,\"feed_button_order\":false,\"feed_button_order_comment\":false,\"feed_font_size\":false,\"feed_long_expand\":false,\"feed_content_line_break\":false,\"feed_link_use_url\":false,\"feed_unicode_emoji\":false,\"show_vote_result\":false,\"feed_no_custom_source\":false,\"view_edit_info\":false,\"view_article_inline\":false,\"link_with_face\":false,\"feed_view_original\":false,\"feed_view_original.open\":\"page\",\"feed_download_image\":false,\"feed_download_image.name\":\"index\",\"image_preview_all\":false,\"feed_no_animated_image\":false,\"feed_built_in_video_player\":false,\"feed_disable_tag_dialog\":false,\"feed_low_reading_warn\":false,\"feed_only_mode\":false,\"script_import_export\":false,\"script_update_whatsnew\":true,\"hide_hot_topic_large_read.quota\":20,\"link_with_face.clean\":false,\"link_with_face.link\":false,\"feed_built_in_video_player.volume\":100,\"feed_built_in_video_player.memorize\":false,\"feed_built_in_video_player.quality\":\"auto\",\"script_enable_debug\":false,\"script_debug_regex\":false}","sync::user3655689037Follow":"s{\"fetchData\":{},\"lastList\":null,\"lastChange\":null}","sync::user3655689037Hide":"s{}"}}