{"options":{"check_for_updates":true,"comment":null,"compat_foreach":false,"compat_metadata":false,"compat_prototypes":false,"compat_wrappedjsobject":true,"compatopts_for_requires":true,"noframes":null,"override":{"merge_connects":true,"merge_excludes":true,"merge_includes":true,"merge_matches":true,"orig_excludes":[],"orig_includes":["*://wenku.baidu.com/*","*://a.1000wk.com/*","*://www.wocali.com/tampermonkey/doc/*","*://pan.baidu.com/s/*","*://yun.baidu.com/s/*","*://*.docin.com/p*","*://pan.baidu.com/share/init*","*://yun.baidu.com/share/init*","*://www.bilibili.com/read/*","*://b.faloo.com/*","*://bbs.coocaa.com/*","*://book.hjsm.tom.com/*","*://book.zhulang.com/*","*://book.zongheng.com/*","*://book.hjsm.tom.com/*","*://chokstick.com/*","*://chuangshi.qq.com/*","*://yunqi.qq.com/*","*://city.udn.com/*","*://cutelisa55.pixnet.net/*","*://huayu.baidu.com/*","*://tiyu.baidu.com/*","*://yd.baidu.com/*","*://yuedu.baidu.com/*","*://imac.hk/*","*://life.tw/*","*://luxmuscles.com/*","*://read.qidian.com/*","*://www.15yan.com/*","*://www.17k.com/*","*://www.18183.com/*","*://www.360doc.com/*","*://www.eyu.com/*","*://www.hongshu.com/*","*://www.coco01.com/*","*://news.missevan.com/*","*://www.hongxiu.com/*","*://www.imooc.com/*","*://www.readnovel.com/*","*://www.tadu.com/*","*://www.jjwxc.net/*","*://www.xxsy.net/*","*://www.z3z4.com/*","*://yuedu.163.com/*","*://wenku.baiduvvv.com/d/?url=*","*://www.youku.com/v_*","*://v.youku.com/v_*","*://www.iqiyi.com/v_*","*://www.iqiyi.com/w_*","*://www.iqiyi.com/a_*","*://www.le.com/ptv/vplay/*","*://v.qq.com/x/cover/*","*://v.qq.com/x/page/*","*://tudou.com/listplay/*","*://tudou.com/albumplay/*","*://tudou.com/programs/view/*","*://www.mgtv.com/b/*","*://film.sohu.com/album/*","*://tv.sohu.com/v/*","*://www.acfun.cn/v/*","*://www.bilibili.com/video/*","*://www.bilibili.com/anime/*","*://www.bilibili.com/bangumi/play/*","*://www.baofeng.com/play/*","*://vip.pptv.com/show/*","*://v.sosoik.top/v/*"],"orig_matches":[],"orig_noframes":null,"orig_run_at":"document-idle","use_blockers":[],"use_connects":[],"use_excludes":[],"use_includes":[],"use_matches":[]},"run_at":null,"tab_types":null,"compat_powerful_this":null},"settings":{"enabled":false,"position":8},"meta":{"name":"【全新升级】百度文库原文档免费下载，文档内容自由复制，移除广告；豆丁网文档下载；解除大部分网站操作限制；全网VIP视频免费在线看[支持电视剧免跳出选集]","uuid":"5048d13f-49bd-4a3d-9817-4969a3e2ee27","modified":1627144422606,"file_url":"https://greasyfork.org/scripts/379893-%E7%99%BE%E5%BA%A6%E6%96%87%E5%BA%93%E6%96%87%E6%A1%A3%E5%85%8D%E8%B4%B9%E4%B8%8B%E8%BD%BD-%E6%96%87%E6%A1%A3%E5%86%85%E5%AE%B9%E8%87%AA%E7%94%B1%E5%A4%8D%E5%88%B6-%E8%A7%A3%E9%99%A4%E5%A4%A7%E9%83%A8%E5%88%86%E7%BD%91%E7%AB%99%E7%9A%84%E9%99%90%E5%88%B6/code/%E7%99%BE%E5%BA%A6%E6%96%87%E5%BA%93%E6%96%87%E6%A1%A3%E5%85%8D%E8%B4%B9%E4%B8%8B%E8%BD%BD%EF%BC%8C%E6%96%87%E6%A1%A3%E5%86%85%E5%AE%B9%E8%87%AA%E7%94%B1%E5%A4%8D%E5%88%B6%EF%BC%9B%E8%A7%A3%E9%99%A4%E5%A4%A7%E9%83%A8%E5%88%86%E7%BD%91%E7%AB%99%E7%9A%84%E9%99%90%E5%88%B6.user.js"}}