{"options":{"check_for_updates":true,"comment":null,"compat_foreach":false,"compat_metadata":false,"compat_powerful_this":null,"compat_prototypes":false,"compat_wrappedjsobject":false,"compatopts_for_requires":true,"noframes":null,"override":{"merge_connects":true,"merge_excludes":true,"merge_includes":true,"merge_matches":true,"orig_connects":["zhihu.com","weixin.qq.com","dadiyouhui02.cn","*"],"orig_excludes":[],"orig_includes":[],"orig_matches":["*://*.baidu.com/*","*://*/*"],"orig_noframes":true,"orig_run_at":"document-start","use_blockers":[],"use_connects":[],"use_excludes":[],"use_includes":[],"use_matches":[]},"run_at":null,"tab_types":null,"unwrap":null},"settings":{"enabled":true,"position":17},"meta":{"name":"【屏蔽广告】屏蔽谷歌广告、百度广告、知乎广告、隐藏谷歌和百度搜索结果的各种广告等等","uuid":"449c511e-4b2e-44ba-bac8-a1754964989b","modified":1650973861398,"file_url":"https://www.dadiyouhui02.cn/tampermonkey/baidugg.user.js"}}