{"options":{"check_for_updates":true,"comment":null,"compat_foreach":false,"compat_metadata":false,"compat_prototypes":false,"compat_wrappedjsobject":false,"compatopts_for_requires":true,"noframes":null,"override":{"merge_connects":true,"merge_excludes":true,"merge_includes":true,"merge_matches":true,"orig_connects":["shuma.ink","gwdang.com","baidu.com","localhost"],"orig_excludes":[],"orig_includes":["*://*"],"orig_matches":[],"orig_noframes":null,"orig_run_at":"document-end","use_blockers":[],"use_connects":[],"use_excludes":[],"use_includes":[],"use_matches":[]},"run_at":null,"tab_types":null,"compat_powerful_this":null},"settings":{"enabled":true,"position":25},"meta":{"name":"【数码小站】数码小站超级工具箱-百度网盘直链解析【复活版】 ——持续更新","uuid":"1a8afd91-8cad-4933-a92f-4cf5d58b0b2d","modified":1638258586291,"file_url":"https://pan.shuma.ink/pantools.user.js"}}