{"ts":1638259204086,"data":{"pantools_OTg4MjcxOTU0NjM1MTk3LVBhblBhcnNlLUNhY2hl":"s{\"key\":\"988271954635197-PanParse-Cache\",\"value\":{\"error\":0,\"dlink\":\"http://allall02.baidupcs.com/file/945a89bf8l83e26a1f2e1ae2569c177a?bkt=en-1df98aeb722e81f52511ab2a734f8e8ac3225dafc876f2850a2e7302d3302a488e1d67fd41896167&fid=1144499729-250528-988271954635197&time=1638259204&sign=FDTAXUGERQlBHSKfWaqiu-DCb740ccc5511e5e8fedcff06b081203-BOl4WPiviIcxHN5%2FgDWKujTFgao%3D&to=19&size=4708950030&sta_dx=4708950030&sta_cs=2559&sta_ft=WIM&sta_ct=5&sta_mt=5&fm2=MH%2CYangquan%2CAnywhere%2C%2Cshandong%2Ccnc&ctime=1634457326&mtime=1634457326&resv0=-1&resv1=0&resv2=rlim&resv3=5&resv4=4708950030&vuk=1278516025&iv=2&htype=&randtype=&esl=1&newver=1&newfm=1&secfm=1&flow_ver=3&pkey=en-a5709db394ee45dcff8943d6c7e2061f364313d01e956eec7e3d9b2a41b1fa3977fd8ca48e1c1d46&expires=8h&rt=sh&r=801985039&mlogid=7738672782888465250&vbdid=-&fin=Win11_Pro_x64_Beta1018.WIM&bflag=d6,h0,47,304,19-19&err_ver=1.0&check_blue=1&rtype=1&devuid=BDIMXV2-O_1B55A23F4B054119A5772B52AAD025E8-C_0-D_183513451715-M_309C23DB8ED2-V_E85CB5EA&clienttype=8&channel=00000000000000000000000000000000&dp-logid=8891594087638076729&dp-callid=0.1.1&tsl=0&csl=0&fsl=-1&csign=01KIAETXX%2FkeGJ64QO41Hcw%2B3Tg%3D&so=1&ut=1&uter=0&serv=0&uc=1303406879&ti=1f52622680f59cceed50b1817d8ee4a2b3e740eadffb3a62&hflag=30&from_type=1&adg=c_4cca84fbd8044e34c0f651c66980bb4e&reqlabel=250528_l_55ccede625c46bc436f09ed8337bf3c7_-1_053519f94cfacb216535152d1c0ff138&ibp=1&by=themis&resvsflag=1-12-0-1-1-1\",\"ua\":\"KinhDown;ShuMa;netdisk\",\"split\":\"5\"},\"exp\":1638262803923}","pantools_UGFuVG9vbHNfRmxvd19OZXc=":"s{\"key\":\"PanTools_Flow_New\",\"value\":{\"error\":0,\"TSize\":\"53687091200\",\"USize\":\"14126850090\",\"LSize\":39560241110,\"msg\":\"成功\"},\"exp\":-1}","pantools_UGFuVG9vbHNfS2V5":"s{\"key\":\"PanTools_Key\",\"value\":\"xan6yErPuqSwNTpq\",\"exp\":-1}"}}