{"options":{"check_for_updates":true,"comment":null,"compat_foreach":false,"compat_metadata":false,"compat_powerful_this":null,"compat_prototypes":false,"compat_wrappedjsobject":false,"compatopts_for_requires":true,"noframes":null,"override":{"merge_connects":true,"merge_excludes":true,"merge_includes":true,"merge_matches":true,"orig_excludes":[],"orig_includes":["*://*"],"orig_matches":[],"orig_noframes":null,"orig_run_at":"document-end","use_blockers":[],"use_connects":[],"use_excludes":[],"use_includes":[],"use_matches":[]},"run_at":null,"tab_types":null},"settings":{"enabled":true,"position":24},"meta":{"name":"【数码小站】超级SVIP多功能工具箱-百度网盘直链高速下载,VIP视频去广告免费看等多功能聚合,持续更新","uuid":"eb7044b1-d696-4a69-a35e-558ba373bd37","modified":1634626019065,"file_url":"https://greasyfork.org/scripts/426806-%E6%95%B0%E7%A0%81%E5%B0%8F%E7%AB%99-%E8%B6%85%E7%BA%A7svip%E5%A4%9A%E5%8A%9F%E8%83%BD%E5%B7%A5%E5%85%B7%E7%AE%B1-%E7%99%BE%E5%BA%A6%E7%BD%91%E7%9B%98%E7%9B%B4%E9%93%BE%E9%AB%98%E9%80%9F%E4%B8%8B%E8%BD%BD-vip%E8%A7%86%E9%A2%91%E5%8E%BB%E5%B9%BF%E5%91%8A%E5%85%8D%E8%B4%B9%E7%9C%8B%E7%AD%89%E5%A4%9A%E5%8A%9F%E8%83%BD%E8%81%9A%E5%90%88-%E6%8C%81%E7%BB%AD%E6%9B%B4%E6%96%B0/code/%E3%80%90%E6%95%B0%E7%A0%81%E5%B0%8F%E7%AB%99%E3%80%91%E8%B6%85%E7%BA%A7SVIP%E5%A4%9A%E5%8A%9F%E8%83%BD%E5%B7%A5%E5%85%B7%E7%AE%B1-%E7%99%BE%E5%BA%A6%E7%BD%91%E7%9B%98%E7%9B%B4%E9%93%BE%E9%AB%98%E9%80%9F%E4%B8%8B%E8%BD%BD,VIP%E8%A7%86%E9%A2%91%E5%8E%BB%E5%B9%BF%E5%91%8A%E5%85%8D%E8%B4%B9%E7%9C%8B%E7%AD%89%E5%A4%9A%E5%8A%9F%E8%83%BD%E8%81%9A%E5%90%88,%E6%8C%81%E7%BB%AD%E6%9B%B4%E6%96%B0.user.js"}}