{"options":{"check_for_updates":true,"comment":null,"compat_foreach":false,"compat_metadata":false,"compat_prototypes":false,"compat_wrappedjsobject":false,"compatopts_for_requires":true,"noframes":null,"override":{"merge_connects":true,"merge_excludes":true,"merge_includes":true,"merge_matches":true,"orig_connects":[],"orig_excludes":[],"orig_includes":["*://jxjycwweb.dongao.com/cwweb/videoShow/video/*"],"orig_matches":[],"orig_noframes":null,"orig_run_at":"document-idle","use_blockers":[],"use_connects":[],"use_excludes":[],"use_includes":[],"use_matches":[]},"run_at":null,"tab_types":null,"unwrap":null,"compat_powerful_this":null},"settings":{"enabled":true,"position":28},"meta":{"name":"东奥会计继续教育看课自动答题[暂时不维护了，因为没账号....]","uuid":"2c049bce-d6f1-4a5a-ae8d-9ca47042426f","modified":1649869472651,"file_url":"https://greasyfork.org/scripts/419678-%E4%B8%9C%E5%A5%A5%E4%BC%9A%E8%AE%A1%E7%BB%A7%E7%BB%AD%E6%95%99%E8%82%B2%E7%9C%8B%E8%AF%BE%E8%87%AA%E5%8A%A8%E7%AD%94%E9%A2%98-%E6%9A%82%E6%97%B6%E4%B8%8D%E7%BB%B4%E6%8A%A4%E4%BA%86-%E5%9B%A0%E4%B8%BA%E6%B2%A1%E8%B4%A6%E5%8F%B7/code/%E4%B8%9C%E5%A5%A5%E4%BC%9A%E8%AE%A1%E7%BB%A7%E7%BB%AD%E6%95%99%E8%82%B2%E7%9C%8B%E8%AF%BE%E8%87%AA%E5%8A%A8%E7%AD%94%E9%A2%98%5B%E6%9A%82%E6%97%B6%E4%B8%8D%E7%BB%B4%E6%8A%A4%E4%BA%86%EF%BC%8C%E5%9B%A0%E4%B8%BA%E6%B2%A1%E8%B4%A6%E5%8F%B7%5D.user.js"}}