{"options":{"check_for_updates":true,"comment":null,"compat_foreach":false,"compat_metadata":false,"compat_prototypes":false,"compat_wrappedjsobject":false,"compatopts_for_requires":true,"noframes":null,"override":{"merge_connects":true,"merge_excludes":true,"merge_includes":true,"merge_matches":true,"orig_connects":[],"orig_excludes":[],"orig_includes":[],"orig_matches":["*://*.dongao.com/*"],"orig_noframes":null,"orig_run_at":"document-idle","use_blockers":[],"use_connects":[],"use_excludes":[],"use_includes":[],"use_matches":[]},"run_at":null,"tab_types":null,"unwrap":null,"compat_powerful_this":null},"settings":{"enabled":true,"position":26},"meta":{"name":"东奥会计人员在线继续教育刷课脚本","uuid":"2f511174-1bba-4507-85aa-a9c37a8e87d2","modified":1649863623134,"file_url":"https://greasyfork.org/scripts/443042-%E4%B8%9C%E5%A5%A5%E4%BC%9A%E8%AE%A1%E4%BA%BA%E5%91%98%E5%9C%A8%E7%BA%BF%E7%BB%A7%E7%BB%AD%E6%95%99%E8%82%B2%E5%88%B7%E8%AF%BE%E8%84%9A%E6%9C%AC/code/%E4%B8%9C%E5%A5%A5%E4%BC%9A%E8%AE%A1%E4%BA%BA%E5%91%98%E5%9C%A8%E7%BA%BF%E7%BB%A7%E7%BB%AD%E6%95%99%E8%82%B2%E5%88%B7%E8%AF%BE%E8%84%9A%E6%9C%AC.user.js"}}