{"ts":1638255283606,"data":{"antiantiscript":"s(function() { let createele = document.createElement; document.createElement = function(name, opts) { let ele = createele.call(document, name, opts); if (name === 'script') { let checkCode = (s) => { if (s.indexOf(\"'antiChromeDebugger'\") > -1) { return '' } else { return s; } }; let prop = {set(v) { this._code = checkCode(v); }, get() { return this._code } }; Object.defineProperties(ele, { innerHTML: prop, innerText: prop }); window.ausKey = true; } return ele; }; let a = Function.prototype.toString; Function.prototype.toString = function() { let res = a.call(this); if (res.indexOf(\"function(){let res= a.call(this);if(res.indexOf\") > -1 || res.indexOf('() => \"function createElement() { [native code] }\"') > -1) { res = \"function toString() { [native code] }\" }; return res }; document.createElement.toString = () => \"function createElement() { [native code] }\" }());","cdkey":"sded877a5a32a3ea383c5692c2fa22af49a4d95a22da3cfb7f8a7839fc33d4bfe","domoocbox":"o{\"top\":268.5,\"left\":1094.359375}","hwanswerproblem1":"strue","hwanswerproblem2":"strue","lastUserInfo":"o{\"id\":\"1142215606\",\"email\":\"cfm.chen@foxmail.com\",\"nickName\":\"陈芳敏_1班_15520190154341\",\"loginId\":\"yd.8a40ed68c48d41958@163.com\",\"personalUrlSuffix\":\"mooc1529993367793\"}","lastcdkey":"uundefined","systemerrormessage1":"strue","tips11":"strue","updatemsg":"s185","uploadedExams":"o[1219306575,1220974640,1220959643,1220974640,1222261600,1222261600,1222261600,1222261600,1222261600,1222261600,1222261600,1222261600,1222261600,1219418656,1219443689,1219443689,1219443689,1219443689,1219467401,1219467401,1219467401,1219467401,1219501407,1219501407,1219501407,1219501407,1233276026,1233276026,1233276026,1233276026,1233276026,1233276026,1233276026,1233276026,1233276026,1233276026,1222261600,1222261600,1222261600,1222261600,1222261600,1222261600,1222261600,1233396452,1234842438,1234325526,1234845498,1234845498,1234845498,1234845498,1234325526,1234845498,1234325526,1234845498,1234325526,1234845498,1234325526,1234845498,1234325526,1234845498,1234845498]","usersetting":"o{\"cdkey\":\"\",\"timeout\":10000,\"autogetanswer\":false,\"autoanswer\":true,\"showanswerbtn\":true,\"learnCourse\":{\"video\":false,\"doc\":false,\"test\":false,\"discuss\":false,\"playrate\":0}}","一键答题提示":"strue"}}