{"options":{"check_for_updates":true,"comment":null,"compat_foreach":false,"compat_metadata":false,"compat_prototypes":false,"compat_wrappedjsobject":false,"compatopts_for_requires":true,"noframes":null,"override":{"merge_connects":true,"merge_excludes":true,"merge_includes":true,"merge_matches":true,"orig_excludes":[],"orig_includes":[],"orig_matches":["https://www.icourse163.org/learn/*","http://www.icourse163.org/learn/*","http://www.icourse163.org/spoc/learn/*","https://www.icourse163.org/spoc/learn/*"],"orig_noframes":null,"orig_run_at":"document-start","use_blockers":[],"use_connects":[],"use_excludes":[],"use_includes":[],"use_matches":[]},"run_at":null,"tab_types":null,"compat_powerful_this":null},"settings":{"enabled":true,"position":14},"meta":{"name":"中国大学慕课mooc答题/自动播放脚本(domooc)","uuid":"cd1bf5a0-bd57-4a03-8eaa-71646c5ebeb5","modified":1627144422613,"file_url":"https://greasyfork.org/scripts/399230-%E4%B8%AD%E5%9B%BD%E5%A4%A7%E5%AD%A6%E6%85%95%E8%AF%BEmooc%E7%AD%94%E9%A2%98-%E8%87%AA%E5%8A%A8%E6%92%AD%E6%94%BE%E8%84%9A%E6%9C%AC-domooc/code/%E4%B8%AD%E5%9B%BD%E5%A4%A7%E5%AD%A6%E6%85%95%E8%AF%BEmooc%E7%AD%94%E9%A2%98%E8%87%AA%E5%8A%A8%E6%92%AD%E6%94%BE%E8%84%9A%E6%9C%AC(domooc).user.js"}}