{"options":{"check_for_updates":true,"comment":null,"compat_foreach":false,"compat_metadata":false,"compat_prototypes":false,"compat_wrappedjsobject":false,"compatopts_for_requires":true,"noframes":null,"override":{"merge_connects":true,"merge_excludes":true,"merge_includes":true,"merge_matches":true,"orig_excludes":[],"orig_includes":[],"orig_matches":["https://www.icourse163.org/learn/*","http://www.icourse163.org/learn/*","http://www.icourse163.org/spoc/learn/*","https://www.icourse163.org/spoc/learn/*"],"orig_noframes":null,"orig_run_at":"document-start","use_blockers":[],"use_connects":[],"use_excludes":[],"use_includes":[],"use_matches":[]},"run_at":null,"tab_types":null,"compat_powerful_this":null},"settings":{"enabled":false,"position":15},"meta":{"name":"中国大学慕课mooc助手(可答题)(可考试)","uuid":"5ab5872e-1716-4f26-a9c5-288ca5ded444","modified":1627144422614,"file_url":"https://greasyfork.org/scripts/401791-%E4%B8%AD%E5%9B%BD%E5%A4%A7%E5%AD%A6%E6%85%95%E8%AF%BEmooc%E5%8A%A9%E6%89%8B-%E5%8F%AF%E7%AD%94%E9%A2%98-%E5%8F%AF%E8%80%83%E8%AF%95/code/%E4%B8%AD%E5%9B%BD%E5%A4%A7%E5%AD%A6%E6%85%95%E8%AF%BEmooc%E5%8A%A9%E6%89%8B(%E5%8F%AF%E7%AD%94%E9%A2%98)(%E5%8F%AF%E8%80%83%E8%AF%95).user.js"}}