{"options":{"check_for_updates":true,"comment":null,"compat_foreach":false,"compat_metadata":false,"compat_prototypes":false,"compat_wrappedjsobject":false,"compatopts_for_requires":true,"noframes":null,"override":{"merge_connects":true,"merge_excludes":true,"merge_includes":true,"merge_matches":true,"orig_excludes":["*.seedr.cc*","*console.cloud.google.com/cloudshell*"],"orig_includes":["*"],"orig_matches":[],"orig_noframes":null,"orig_run_at":"document-start","use_blockers":[],"use_connects":[],"use_excludes":[],"use_includes":[],"use_matches":[]},"run_at":null,"tab_types":null,"compat_powerful_this":null},"settings":{"enabled":false,"position":16},"meta":{"name":"强制使用微软雅黑","uuid":"23135038-98c5-4837-9f39-d440cea68857","modified":1627144422614,"file_url":"https://greasyfork.org/scripts/24437-%E5%BC%BA%E5%88%B6%E4%BD%BF%E7%94%A8%E5%BE%AE%E8%BD%AF%E9%9B%85%E9%BB%91/code/%E5%BC%BA%E5%88%B6%E4%BD%BF%E7%94%A8%E5%BE%AE%E8%BD%AF%E9%9B%85%E9%BB%91.user.js"}}