{"ts":1647014049778,"data":{"SETTING_A":"bfalse","SETTING_H":"bfalse","SETTING_P":"bfalse","current_version":"s4.4.1","init":"n1","lastest_version":"s4.4.1","rpcDir":"s\\\\192.168.1.155\\video","rpcDomain":"shttp://192.168.1.155","rpcPort":"s6888","rpcToken":"s940212","scode":"s80149","setting_init_code":"s80149","setting_rpc_dir":"sD:","setting_rpc_domain":"shttp://localhost","setting_rpc_path":"s/jsonrpc","setting_rpc_port":"s16800","setting_rpc_token":"s","setting_terminal_type":"swc","setting_theme_color":"s#09AAFF","up":"n0"}}