{"options":{"check_for_updates":true,"comment":null,"compat_foreach":false,"compat_metadata":false,"compat_prototypes":false,"compat_wrappedjsobject":false,"compatopts_for_requires":true,"noframes":null,"override":{"merge_connects":true,"merge_excludes":true,"merge_includes":true,"merge_matches":true,"orig_excludes":["/(^http:\\/\\/[^#\\?\\/]*(:[0-9]{1,5})?\\/.*$)/","/(^[^:\\/#\\?]*:\\/\\/([^#\\?\\/]*\\.)?pos\\.baidu\\.com(:[0-9]{1,5})?\\/.*$)/","/(^[^:\\/#\\?]*:\\/\\/([^#\\?\\/]*\\.)?www\\.google\\.com(:[0-9]{1,5})?\\/.*$)/","/(^[^:\\/#\\?]*:\\/\\/([^#\\?\\/]*\\.)?clients5\\.google\\.com(:[0-9]{1,5})?\\/.*$)/","/(^[^:\\/#\\?]*:\\/\\/([^#\\?\\/]*\\.)?notifications\\.google\\.com(:[0-9]{1,5})?\\/.*$)/"],"orig_includes":[],"orig_matches":["*://*.hao245.com/*","*://*.2345.com/*","*://*.hao123.com/*","*://*.hao245.com/*"],"orig_noframes":null,"orig_run_at":"document-start","use_blockers":[],"use_connects":[],"use_excludes":[],"use_includes":[],"use_matches":[]},"run_at":null,"tab_types":null,"compat_powerful_this":null},"settings":{"enabled":true,"position":11},"meta":{"name":"谷歌访问助手默认打开2345网站的问题破解","uuid":"13e34164-8b87-44db-bc0f-ef844fb577fd","modified":1627144422607,"file_url":"https://greasyfork.org/scripts/377243-%E8%B0%B7%E6%AD%8C%E8%AE%BF%E9%97%AE%E5%8A%A9%E6%89%8B%E9%BB%98%E8%AE%A4%E6%89%93%E5%BC%802345%E7%BD%91%E7%AB%99%E7%9A%84%E9%97%AE%E9%A2%98%E7%A0%B4%E8%A7%A3/code/%E8%B0%B7%E6%AD%8C%E8%AE%BF%E9%97%AE%E5%8A%A9%E6%89%8B%E9%BB%98%E8%AE%A4%E6%89%93%E5%BC%802345%E7%BD%91%E7%AB%99%E7%9A%84%E9%97%AE%E9%A2%98%E7%A0%B4%E8%A7%A3.user.js"}}